Sum of Sales,Order Date,forecastValue,confidenceHighBound,confidenceLowBound
16.448,2014-01-03 00:00:00,,,
288.06,2014-01-04 00:00:00,,,
19.536,2014-01-05 00:00:00,,,
4407.1,2014-01-06 00:00:00,,,
87.158,2014-01-07 00:00:00,,,
40.544,2014-01-09 00:00:00,,,
54.83,2014-01-10 00:00:00,,,
9.94,2014-01-11 00:00:00,,,
3553.795,2014-01-13 00:00:00,,,
61.96,2014-01-14 00:00:00,,,
149.95,2014-01-15 00:00:00,,,
299.964,2014-01-16 00:00:00,,,
64.864,2014-01-18 00:00:00,,,
378.594,2014-01-19 00:00:00,,,
2673.87,2014-01-20 00:00:00,,,
25.248,2014-01-21 00:00:00,,,
46.02,2014-01-23 00:00:00,,,
1097.25,2014-01-26 00:00:00,,,
426.67,2014-01-27 00:00:00,,,
3.928,2014-01-28 00:00:00,,,
240.5,2014-01-30 00:00:00,,,
290.666,2014-01-31 00:00:00,,,
468.9,2014-02-01 00:00:00,,,
211.646,2014-02-02 00:00:00,,,
97.112,2014-02-03 00:00:00,,,
134.384,2014-02-04 00:00:00,,,
330.512,2014-02-06 00:00:00,,,
180.32,2014-02-07 00:00:00,,,
14.56,2014-02-08 00:00:00,,,
2043.4,2014-02-11 00:00:00,,,
129.568,2014-02-12 00:00:00,,,
576.726,2014-02-14 00:00:00,,,
21.36,2014-02-15 00:00:00,,,
9.04,2014-02-16 00:00:00,,,
54.208,2014-02-17 00:00:00,,,
37.784,2014-02-18 00:00:00,,,
95.59,2014-02-20 00:00:00,,,
8.85,2014-02-21 00:00:00,,,
19.44,2014-02-22 00:00:00,,,
11.364,2014-02-23 00:00:00,,,
55.672,2014-02-24 00:00:00,,,
19.456,2014-02-27 00:00:00,,,
2203.151,2014-03-01 00:00:00,,,
202.384,2014-03-02 00:00:00,,,
1345.892,2014-03-03 00:00:00,,,
370.452,2014-03-04 00:00:00,,,
705.562,2014-03-05 00:00:00,,,
1561.062,2014-03-07 00:00:00,,,
741.956,2014-03-10 00:00:00,,,
918.314,2014-03-11 00:00:00,,,
2108.55,2014-03-14 00:00:00,,,
370.782,2014-03-15 00:00:00,,,
471.92,2014-03-16 00:00:00,,,
3960.358,2014-03-17 00:00:00,,,
28106.716,2014-03-18 00:00:00,,,
590.762,2014-03-19 00:00:00,,,
4109.816,2014-03-21 00:00:00,,,
464.093,2014-03-22 00:00:00,,,
945.064,2014-03-23 00:00:00,,,
65.38,2014-03-24 00:00:00,,,
459.146,2014-03-25 00:00:00,,,
145.13,2014-03-26 00:00:00,,,
1823.804,2014-03-28 00:00:00,,,
890.841,2014-03-29 00:00:00,,,
1170.322,2014-03-30 00:00:00,,,
1959.552,2014-03-31 00:00:00,,,
119.888,2014-04-01 00:00:00,,,
1458.558,2014-04-02 00:00:00,,,
233.45,2014-04-03 00:00:00,,,
475.844,2014-04-04 00:00:00,,,
5295.098,2014-04-05 00:00:00,,,
1650.69,2014-04-06 00:00:00,,,
1021.17,2014-04-07 00:00:00,,,
1958.75,2014-04-08 00:00:00,,,
1915.24,2014-04-11 00:00:00,,,
1912.123,2014-04-12 00:00:00,,,
638.576,2014-04-13 00:00:00,,,
294.72,2014-04-15 00:00:00,,,
39.072,2014-04-16 00:00:00,,,
1020.532,2014-04-18 00:00:00,,,
205.47,2014-04-19 00:00:00,,,
1250.45,2014-04-20 00:00:00,,,
845.36,2014-04-21 00:00:00,,,
257.752,2014-04-22 00:00:00,,,
643.98,2014-04-23 00:00:00,,,
2379.994,2014-04-25 00:00:00,,,
282.568,2014-04-26 00:00:00,,,
2578.476,2014-04-28 00:00:00,,,
768.844,2014-04-29 00:00:00,,,
1048.74,2014-04-30 00:00:00,,,
506.12,2014-05-02 00:00:00,,,
72.632,2014-05-03 00:00:00,,,
187.432,2014-05-04 00:00:00,,,
260.977,2014-05-05 00:00:00,,,
254.456,2014-05-06 00:00:00,,,
1091.35,2014-05-07 00:00:00,,,
1799.97,2014-05-08 00:00:00,,,
394.48,2014-05-09 00:00:00,,,
2343.799,2014-05-10 00:00:00,,,
1642.802,2014-05-11 00:00:00,,,
734.846,2014-05-12 00:00:00,,,
898.382,2014-05-13 00:00:00,,,
310.88,2014-05-14 00:00:00,,,
289.28,2014-05-16 00:00:00,,,
91.68,2014-05-17 00:00:00,,,
948.948,2014-05-18 00:00:00,,,
91.62,2014-05-19 00:00:00,,,
320.104,2014-05-20 00:00:00,,,
4264.328,2014-05-21 00:00:00,,,
180.93,2014-05-22 00:00:00,,,
323.758,2014-05-23 00:00:00,,,
116.28,2014-05-24 00:00:00,,,
119.54,2014-05-25 00:00:00,,,
1325.718,2014-05-26 00:00:00,,,
2157.394,2014-05-27 00:00:00,,,
221.968,2014-05-28 00:00:00,,,
1924.913,2014-05-30 00:00:00,,,
773.7,2014-05-31 00:00:00,,,
5188.52,2014-06-01 00:00:00,,,
738.598,2014-06-02 00:00:00,,,
741.336,2014-06-03 00:00:00,,,
456.272,2014-06-04 00:00:00,,,
1374.001,2014-06-06 00:00:00,,,
281.397,2014-06-07 00:00:00,,,
2501.264,2014-06-08 00:00:00,,,
5463.008,2014-06-09 00:00:00,,,
491.55,2014-06-10 00:00:00,,,
14.52,2014-06-13 00:00:00,,,
212.94,2014-06-14 00:00:00,,,
942.974,2014-06-15 00:00:00,,,
763.792,2014-06-16 00:00:00,,,
3418.502,2014-06-17 00:00:00,,,
139.8,2014-06-18 00:00:00,,,
1828.9496,2014-06-20 00:00:00,,,
4107.443,2014-06-21 00:00:00,,,
1975.498,2014-06-22 00:00:00,,,
109.496,2014-06-23 00:00:00,,,
4.272,2014-06-24 00:00:00,,,
792.76,2014-06-25 00:00:00,,,
616.14,2014-06-27 00:00:00,,,
1645.791,2014-06-28 00:00:00,,,
46.68,2014-06-29 00:00:00,,,
739.624,2014-06-30 00:00:00,,,
601.024,2014-07-01 00:00:00,,,
79.56,2014-07-02 00:00:00,,,
247.408,2014-07-04 00:00:00,,,
1444.104,2014-07-05 00:00:00,,,
1038.472,2014-07-06 00:00:00,,,
241.194,2014-07-07 00:00:00,,,
763.074,2014-07-08 00:00:00,,,
265.521,2014-07-09 00:00:00,,,
2187.206,2014-07-11 00:00:00,,,
1960.012,2014-07-12 00:00:00,,,
351.216,2014-07-13 00:00:00,,,
292.594,2014-07-14 00:00:00,,,
9.51,2014-07-15 00:00:00,,,
273.04,2014-07-18 00:00:00,,,
461.326,2014-07-19 00:00:00,,,
2285.786,2014-07-20 00:00:00,,,
1961.482,2014-07-21 00:00:00,,,
1348.344,2014-07-22 00:00:00,,,
2613.184,2014-07-23 00:00:00,,,
8341.29,2014-07-25 00:00:00,,,
5039.994,2014-07-26 00:00:00,,,
580.06,2014-07-27 00:00:00,,,
193.152,2014-07-28 00:00:00,,,
1367.84,2014-07-30 00:00:00,,,
228.328,2014-08-01 00:00:00,,,
886.28,2014-08-02 00:00:00,,,
477.994,2014-08-03 00:00:00,,,
2743.154,2014-08-04 00:00:00,,,
2408.724,2014-08-05 00:00:00,,,
262.89,2014-08-06 00:00:00,,,
3955.629,2014-08-08 00:00:00,,,
3605.685,2014-08-09 00:00:00,,,
451.62,2014-08-11 00:00:00,,,
1832.38,2014-08-12 00:00:00,,,
842.782,2014-08-15 00:00:00,,,
853.092,2014-08-16 00:00:00,,,
500.342,2014-08-17 00:00:00,,,
1439.106,2014-08-19 00:00:00,,,
1838.722,2014-08-20 00:00:00,,,
23.104,2014-08-22 00:00:00,,,
565.224,2014-08-23 00:00:00,,,
59.74,2014-08-24 00:00:00,,,
1451.65,2014-08-25 00:00:00,,,
366.81,2014-08-26 00:00:00,,,
2070.13,2014-08-27 00:00:00,,,
832.3225,2014-08-29 00:00:00,,,
121.24,2014-08-30 00:00:00,,,
92.52,2014-08-31 00:00:00,,,
469.436,2014-09-01 00:00:00,,,
3254.15,2014-09-02 00:00:00,,,
22.08,2014-09-03 00:00:00,,,
296.304,2014-09-05 00:00:00,,,
100.36,2014-09-06 00:00:00,,,
3523.875,2014-09-07 00:00:00,,,
14228.428,2014-09-08 00:00:00,,,
4043.588,2014-09-09 00:00:00,,,
1855.228,2014-09-10 00:00:00,,,
127.95,2014-09-11 00:00:00,,,
4904.66,2014-09-12 00:00:00,,,
1275.408,2014-09-13 00:00:00,,,
5023.716,2014-09-14 00:00:00,,,
133.436,2014-09-15 00:00:00,,,
33.552,2014-09-16 00:00:00,,,
820.523,2014-09-17 00:00:00,,,
9338.637,2014-09-19 00:00:00,,,
5335.968,2014-09-20 00:00:00,,,
2679.652,2014-09-21 00:00:00,,,
1240.266,2014-09-22 00:00:00,,,
10662.337,2014-09-23 00:00:00,,,
211.96,2014-09-24 00:00:00,,,
354.8888,2014-09-25 00:00:00,,,
1480.614,2014-09-26 00:00:00,,,
773.44,2014-09-27 00:00:00,,,
490.292,2014-09-28 00:00:00,,,
8109.07,2014-09-29 00:00:00,,,
987.532,2014-09-30 00:00:00,,,
4.71,2014-10-01 00:00:00,,,
598.144,2014-10-02 00:00:00,,,
862.683,2014-10-03 00:00:00,,,
728.748,2014-10-04 00:00:00,,,
191.9,2014-10-05 00:00:00,,,
494.71,2014-10-06 00:00:00,,,
237.36,2014-10-07 00:00:00,,,
147.392,2014-10-08 00:00:00,,,
249.36,2014-10-09 00:00:00,,,
2049.386,2014-10-10 00:00:00,,,
1381.164,2014-10-11 00:00:00,,,
58.53,2014-10-12 00:00:00,,,
2212.182,2014-10-13 00:00:00,,,
4525.484,2014-10-14 00:00:00,,,
206.724,2014-10-15 00:00:00,,,
194.322,2014-10-16 00:00:00,,,
136.068,2014-10-17 00:00:00,,,
3134.916,2014-10-18 00:00:00,,,
641.104,2014-10-19 00:00:00,,,
1501.104,2014-10-20 00:00:00,,,
1356.602,2014-10-21 00:00:00,,,
223.808,2014-10-22 00:00:00,,,
56.49,2014-10-24 00:00:00,,,
103.882,2014-10-25 00:00:00,,,
447.88,2014-10-26 00:00:00,,,
22.32,2014-10-27 00:00:00,,,
1510.582,2014-10-28 00:00:00,,,
2813.812,2014-10-29 00:00:00,,,
5362.026,2014-10-31 00:00:00,,,
4732.08,2014-11-01 00:00:00,,,
2126.37,2014-11-02 00:00:00,,,
2784.163,2014-11-03 00:00:00,,,
6693.748,2014-11-04 00:00:00,,,
1694.564,2014-11-05 00:00:00,,,
43.68,2014-11-06 00:00:00,,,
1449.142,2014-11-07 00:00:00,,,
333.576,2014-11-08 00:00:00,,,
1574.094,2014-11-09 00:00:00,,,
2002.556,2014-11-10 00:00:00,,,
8114.548,2014-11-11 00:00:00,,,
1054.7612,2014-11-12 00:00:00,,,
1034.73,2014-11-14 00:00:00,,,
1780.822,2014-11-15 00:00:00,,,
1355.9285,2014-11-16 00:00:00,,,
11544.274,2014-11-17 00:00:00,,,
3406.855,2014-11-18 00:00:00,,,
7226.086,2014-11-19 00:00:00,,,
907.56,2014-11-20 00:00:00,,,
1249.622,2014-11-21 00:00:00,,,
1103.298,2014-11-22 00:00:00,,,
1363.28,2014-11-23 00:00:00,,,
5578.606,2014-11-24 00:00:00,,,
4415.695,2014-11-25 00:00:00,,,
1705.99,2014-11-26 00:00:00,,,
203.66,2014-11-27 00:00:00,,,
2280.83,2014-11-28 00:00:00,,,
649.044,2014-11-29 00:00:00,,,
219.154,2014-11-30 00:00:00,,,
5624.39,2014-12-01 00:00:00,,,
1771.808,2014-12-02 00:00:00,,,
505.88,2014-12-03 00:00:00,,,
129.98,2014-12-04 00:00:00,,,
2963.642,2014-12-05 00:00:00,,,
1970.978,2014-12-06 00:00:00,,,
548.4,2014-12-07 00:00:00,,,
1095.12,2014-12-08 00:00:00,,,
1522.652,2014-12-09 00:00:00,,,
573.336,2014-12-10 00:00:00,,,
4938.4045,2014-12-12 00:00:00,,,
293.152,2014-12-13 00:00:00,,,
7641.658,2014-12-14 00:00:00,,,
1264.466,2014-12-15 00:00:00,,,
4394.187,2014-12-16 00:00:00,,,
45.534,2014-12-17 00:00:00,,,
3436.76,2014-12-19 00:00:00,,,
6962.44,2014-12-20 00:00:00,,,
1933.44,2014-12-21 00:00:00,,,
798.968,2014-12-22 00:00:00,,,
942.108,2014-12-23 00:00:00,,,
1950.202,2014-12-24 00:00:00,,,
2041.414,2014-12-26 00:00:00,,,
2966.388,2014-12-27 00:00:00,,,
3732.296,2014-12-28 00:00:00,,,
2072.096,2014-12-29 00:00:00,,,
2172.651,2014-12-30 00:00:00,,,
5253.27,2014-12-31 00:00:00,,,
1932.096,2015-01-02 00:00:00,,,
1768.2216,2015-01-03 00:00:00,,,
264.46,2015-01-04 00:00:00,,,
295.272,2015-01-05 00:00:00,,,
31.538,2015-01-06 00:00:00,,,
364.07,2015-01-09 00:00:00,,,
1018.104,2015-01-10 00:00:00,,,
854.614,2015-01-12 00:00:00,,,
622.278,2015-01-13 00:00:00,,,
350.384,2015-01-17 00:00:00,,,
301.742,2015-01-19 00:00:00,,,
43.66,2015-01-23 00:00:00,,,
13.12,2015-01-24 00:00:00,,,
182.72,2015-01-26 00:00:00,,,
3573.252,2015-01-27 00:00:00,,,
4297.644,2015-01-28 00:00:00,,,
2161.64,2015-01-30 00:00:00,,,
99.26,2015-01-31 00:00:00,,,
492.836,2015-02-03 00:00:00,,,
2432.544,2015-02-06 00:00:00,,,
324.11,2015-02-07 00:00:00,,,
129.092,2015-02-08 00:00:00,,,
785.552,2015-02-09 00:00:00,,,
77.24,2015-02-10 00:00:00,,,
1079.962,2015-02-14 00:00:00,,,
1602.38,2015-02-15 00:00:00,,,
160.43,2015-02-16 00:00:00,,,
105.844,2015-02-18 00:00:00,,,
316.78,2015-02-20 00:00:00,,,
2591.1,2015-02-21 00:00:00,,,
79.36,2015-02-22 00:00:00,,,
37.776,2015-02-23 00:00:00,,,
25.87,2015-02-25 00:00:00,,,
1159.271,2015-02-27 00:00:00,,,
551.264,2015-02-28 00:00:00,,,
1642.1744,2015-03-01 00:00:00,,,
899.57,2015-03-02 00:00:00,,,
1969.267,2015-03-05 00:00:00,,,
1555.244,2015-03-06 00:00:00,,,
807.54,2015-03-07 00:00:00,,,
2563.296,2015-03-08 00:00:00,,,
478.008,2015-03-09 00:00:00,,,
90.932,2015-03-10 00:00:00,,,
51.016,2015-03-12 00:00:00,,,
1384.856,2015-03-13 00:00:00,,,
707.9,2015-03-14 00:00:00,,,
16.776,2015-03-15 00:00:00,,,
7230.21,2015-03-16 00:00:00,,,
48.84,2015-03-17 00:00:00,,,
5652.9396,2015-03-19 00:00:00,,,
1548.194,2015-03-20 00:00:00,,,
1270.379,2015-03-21 00:00:00,,,
2481.424,2015-03-22 00:00:00,,,
633.302,2015-03-23 00:00:00,,,
412.95,2015-03-24 00:00:00,,,
4623.37,2015-03-26 00:00:00,,,
83.7,2015-03-27 00:00:00,,,
243.344,2015-03-28 00:00:00,,,
1559.08,2015-03-29 00:00:00,,,
571.224,2015-03-30 00:00:00,,,
200.716,2015-03-31 00:00:00,,,
299.22,2015-04-02 00:00:00,,,
1484.598,2015-04-04 00:00:00,,,
2974.058,2015-04-05 00:00:00,,,
140.004,2015-04-06 00:00:00,,,
907.436,2015-04-07 00:00:00,,,
757.992,2015-04-09 00:00:00,,,
169.542,2015-04-10 00:00:00,,,
1328.346,2015-04-11 00:00:00,,,
40.74,2015-04-12 00:00:00,,,
3192.678,2015-04-13 00:00:00,,,
35.208,2015-04-14 00:00:00,,,
4161.972,2015-04-16 00:00:00,,,
2745.106,2015-04-17 00:00:00,,,
2006.96,2015-04-18 00:00:00,,,
329.96,2015-04-19 00:00:00,,,
1194.726,2015-04-20 00:00:00,,,
893.09,2015-04-21 00:00:00,,,
152.916,2015-04-22 00:00:00,,,
25.99,2015-04-24 00:00:00,,,
920.946,2015-04-25 00:00:00,,,
2090.1055,2015-04-26 00:00:00,,,
2719.59,2015-04-27 00:00:00,,,
4044.362,2015-04-28 00:00:00,,,
7.968,2015-04-29 00:00:00,,,
1571.695,2015-04-30 00:00:00,,,
450.94,2015-05-01 00:00:00,,,
167.232,2015-05-02 00:00:00,,,
2198.76,2015-05-03 00:00:00,,,
1121.362,2015-05-04 00:00:00,,,
305.622,2015-05-07 00:00:00,,,
3981.968,2015-05-08 00:00:00,,,
48.81,2015-05-09 00:00:00,,,
154.442,2015-05-10 00:00:00,,,
191.968,2015-05-11 00:00:00,,,
1060.35,2015-05-12 00:00:00,,,
238.384,2015-05-13 00:00:00,,,
3141.1995,2015-05-14 00:00:00,,,
69.908,2015-05-15 00:00:00,,,
255.968,2015-05-16 00:00:00,,,
134.468,2015-05-17 00:00:00,,,
10.86,2015-05-18 00:00:00,,,
169.544,2015-05-20 00:00:00,,,
72.332,2015-05-21 00:00:00,,,
3862.098,2015-05-22 00:00:00,,,
1304.956,2015-05-23 00:00:00,,,
610.307,2015-05-24 00:00:00,,,
1739.418,2015-05-25 00:00:00,,,
982.564,2015-05-26 00:00:00,,,
794.146,2015-05-28 00:00:00,,,
1204.842,2015-05-29 00:00:00,,,
681.1,2015-05-30 00:00:00,,,
5178.138,2015-05-31 00:00:00,,,
834.198,2015-06-01 00:00:00,,,
1192.31,2015-06-04 00:00:00,,,
1533.198,2015-06-05 00:00:00,,,
59.768,2015-06-07 00:00:00,,,
1083.112,2015-06-08 00:00:00,,,
797.116,2015-06-09 00:00:00,,,
3373.564,2015-06-11 00:00:00,,,
174.476,2015-06-12 00:00:00,,,
1128.898,2015-06-13 00:00:00,,,
51.072,2015-06-14 00:00:00,,,
734.144,2015-06-15 00:00:00,,,
3443.904,2015-06-16 00:00:00,,,
1883.087,2015-06-18 00:00:00,,,
446.346,2015-06-19 00:00:00,,,
829.544,2015-06-20 00:00:00,,,
107.976,2015-06-21 00:00:00,,,
2018.953,2015-06-22 00:00:00,,,
836.958,2015-06-23 00:00:00,,,
857.08,2015-06-25 00:00:00,,,
1592.196,2015-06-26 00:00:00,,,
1386.466,2015-06-28 00:00:00,,,
432.926,2015-06-29 00:00:00,,,
1631.902,2015-07-02 00:00:00,,,
823.982,2015-07-03 00:00:00,,,
1138.288,2015-07-04 00:00:00,,,
121.646,2015-07-05 00:00:00,,,
1379.812,2015-07-06 00:00:00,,,
21.12,2015-07-08 00:00:00,,,
1587.114,2015-07-09 00:00:00,,,
43.286,2015-07-10 00:00:00,,,
1941.952,2015-07-11 00:00:00,,,
2052.567,2015-07-12 00:00:00,,,
2033.256,2015-07-13 00:00:00,,,
860.916,2015-07-14 00:00:00,,,
3029.386,2015-07-16 00:00:00,,,
448.082,2015-07-17 00:00:00,,,
672.418,2015-07-18 00:00:00,,,
2.025,2015-07-19 00:00:00,,,
2693.168,2015-07-20 00:00:00,,,
208.272,2015-07-23 00:00:00,,,
525.95,2015-07-24 00:00:00,,,
2395.024,2015-07-25 00:00:00,,,
969.225,2015-07-26 00:00:00,,,
29.97,2015-07-27 00:00:00,,,
443.802,2015-07-30 00:00:00,,,
3712.162,2015-07-31 00:00:00,,,
1011.696,2015-08-01 00:00:00,,,
1290.478,2015-08-02 00:00:00,,,
72.65,2015-08-05 00:00:00,,,
494.8692,2015-08-06 00:00:00,,,
968.206,2015-08-07 00:00:00,,,
840.102,2015-08-08 00:00:00,,,
4878.392,2015-08-09 00:00:00,,,
851.474,2015-08-10 00:00:00,,,
196.112,2015-08-11 00:00:00,,,
586.896,2015-08-13 00:00:00,,,
497.59,2015-08-15 00:00:00,,,
3378.932,2015-08-16 00:00:00,,,
381.64,2015-08-17 00:00:00,,,
2827.52,2015-08-21 00:00:00,,,
66.632,2015-08-22 00:00:00,,,
1202.278,2015-08-23 00:00:00,,,
7194.775,2015-08-24 00:00:00,,,
178.526,2015-08-25 00:00:00,,,
639.974,2015-08-27 00:00:00,,,
6491.293,2015-08-28 00:00:00,,,
246.5,2015-08-29 00:00:00,,,
2601.797,2015-08-31 00:00:00,,,
2367.564,2015-09-01 00:00:00,,,
1874.898,2015-09-03 00:00:00,,,
1071.284,2015-09-04 00:00:00,,,
934.103,2015-09-05 00:00:00,,,
1005.654,2015-09-06 00:00:00,,,
2922.667,2015-09-07 00:00:00,,,
89.64,2015-09-08 00:00:00,,,
1415.726,2015-09-10 00:00:00,,,
1962.13,2015-09-11 00:00:00,,,
707.824,2015-09-12 00:00:00,,,
3445.772,2015-09-13 00:00:00,,,
3262.42,2015-09-14 00:00:00,,,
2535.85,2015-09-15 00:00:00,,,
31.12,2015-09-16 00:00:00,,,
11525.006,2015-09-17 00:00:00,,,
3924.32,2015-09-18 00:00:00,,,
500.38,2015-09-19 00:00:00,,,
1836.052,2015-09-20 00:00:00,,,
6982.058,2015-09-21 00:00:00,,,
1783.504,2015-09-22 00:00:00,,,
4220.594,2015-09-24 00:00:00,,,
3033.757,2015-09-25 00:00:00,,,
3722.273,2015-09-26 00:00:00,,,
2382.958,2015-09-27 00:00:00,,,
1058.364,2015-09-28 00:00:00,,,
1158.414,2015-10-01 00:00:00,,,
1269.266,2015-10-02 00:00:00,,,
275.218,2015-10-03 00:00:00,,,
505.58,2015-10-04 00:00:00,,,
851.092,2015-10-05 00:00:00,,,
222.12,2015-10-08 00:00:00,,,
2133.535,2015-10-09 00:00:00,,,
2248.194,2015-10-10 00:00:00,,,
1011.8955,2015-10-11 00:00:00,,,
2390.758,2015-10-12 00:00:00,,,
371.66,2015-10-13 00:00:00,,,
3219.554,2015-10-15 00:00:00,,,
824.97,2015-10-16 00:00:00,,,
77.88,2015-10-17 00:00:00,,,
378.494,2015-10-18 00:00:00,,,
2135.09,2015-10-19 00:00:00,,,
720.086,2015-10-20 00:00:00,,,
15.128,2015-10-22 00:00:00,,,
2262.296,2015-10-23 00:00:00,,,
831.145,2015-10-24 00:00:00,,,
1425.412,2015-10-25 00:00:00,,,
1395.333,2015-10-26 00:00:00,,,
104.51,2015-10-28 00:00:00,,,
244.24,2015-10-29 00:00:00,,,
2122.044,2015-10-30 00:00:00,,,
3211.009,2015-10-31 00:00:00,,,
3106.106,2015-11-01 00:00:00,,,
5528.551,2015-11-02 00:00:00,,,
2800.846,2015-11-03 00:00:00,,,
834.874,2015-11-05 00:00:00,,,
11.481,2015-11-06 00:00:00,,,
3073.073,2015-11-07 00:00:00,,,
12196.997,2015-11-08 00:00:00,,,
4620.292,2015-11-09 00:00:00,,,
3536.904,2015-11-10 00:00:00,,,
542.178,2015-11-11 00:00:00,,,
1127.992,2015-11-12 00:00:00,,,
3591.0772,2015-11-13 00:00:00,,,
2512.71,2015-11-14 00:00:00,,,
702.17,2015-11-15 00:00:00,,,
4072.334,2015-11-16 00:00:00,,,
3885.986,2015-11-17 00:00:00,,,
1040.784,2015-11-19 00:00:00,,,
2861.15,2015-11-20 00:00:00,,,
3613.5748,2015-11-21 00:00:00,,,
614.499,2015-11-22 00:00:00,,,
3450.188,2015-11-23 00:00:00,,,
1218.764,2015-11-24 00:00:00,,,
13.12,2015-11-25 00:00:00,,,
1484.082,2015-11-26 00:00:00,,,
3109.7835,2015-11-27 00:00:00,,,
1864.482,2015-11-28 00:00:00,,,
2760.168,2015-11-29 00:00:00,,,
1798.397,2015-11-30 00:00:00,,,
7130.594,2015-12-01 00:00:00,,,
1972.645,2015-12-03 00:00:00,,,
5185.814,2015-12-04 00:00:00,,,
897.322,2015-12-05 00:00:00,,,
6061.502,2015-12-06 00:00:00,,,
1338.298,2015-12-07 00:00:00,,,
2672.728,2015-12-08 00:00:00,,,
34.02,2015-12-09 00:00:00,,,
3080.38,2015-12-10 00:00:00,,,
1590.894,2015-12-11 00:00:00,,,
1448.854,2015-12-12 00:00:00,,,
1023.386,2015-12-13 00:00:00,,,
858.304,2015-12-14 00:00:00,,,
5494.796,2015-12-15 00:00:00,,,
4.98,2015-12-16 00:00:00,,,
1918.492,2015-12-17 00:00:00,,,
935.288,2015-12-18 00:00:00,,,
6120.656,2015-12-19 00:00:00,,,
1107.464,2015-12-20 00:00:00,,,
3257.76,2015-12-21 00:00:00,,,
473.313,2015-12-22 00:00:00,,,
194.32,2015-12-23 00:00:00,,,
7484.566,2015-12-24 00:00:00,,,
4204.968,2015-12-25 00:00:00,,,
561.486,2015-12-26 00:00:00,,,
5148.4472,2015-12-27 00:00:00,,,
79.2,2015-12-28 00:00:00,,,
6.36,2015-12-29 00:00:00,,,
3251.34,2015-12-30 00:00:00,,,
1381.344,2015-12-31 00:00:00,,,
405.92,2016-01-02 00:00:00,,,
2095.83,2016-01-03 00:00:00,,,
1069.22,2016-01-04 00:00:00,,,
255.904,2016-01-05 00:00:00,,,
83.576,2016-01-07 00:00:00,,,
1859.158,2016-01-08 00:00:00,,,
743.046,2016-01-09 00:00:00,,,
174.75,2016-01-10 00:00:00,,,
149.444,2016-01-11 00:00:00,,,
405.344,2016-01-14 00:00:00,,,
701.923,2016-01-15 00:00:00,,,
102.218,2016-01-16 00:00:00,,,
1040.55,2016-01-17 00:00:00,,,
1167.056,2016-01-21 00:00:00,,,
917.63,2016-01-22 00:00:00,,,
1732.3,2016-01-23 00:00:00,,,
31.36,2016-01-24 00:00:00,,,
858.712,2016-01-25 00:00:00,,,
39.68,2016-01-28 00:00:00,,,
3107.316,2016-01-30 00:00:00,,,
1601.554,2016-01-31 00:00:00,,,
161.97,2016-02-01 00:00:00,,,
8996.784,2016-02-02 00:00:00,,,
866.4,2016-02-03 00:00:00,,,
197.868,2016-02-04 00:00:00,,,
2994.476,2016-02-05 00:00:00,,,
132.224,2016-02-06 00:00:00,,,
762.142,2016-02-07 00:00:00,,,
1369.476,2016-02-08 00:00:00,,,
121.83,2016-02-09 00:00:00,,,
69.93,2016-02-11 00:00:00,,,
1366.04,2016-02-12 00:00:00,,,
146.82,2016-02-13 00:00:00,,,
837.921,2016-02-14 00:00:00,,,
407.072,2016-02-15 00:00:00,,,
1135.638,2016-02-16 00:00:00,,,
392.66,2016-02-19 00:00:00,,,
16.496,2016-02-20 00:00:00,,,
1524.126,2016-02-21 00:00:00,,,
983.17,2016-02-22 00:00:00,,,
57.576,2016-02-23 00:00:00,,,
46.72,2016-02-25 00:00:00,,,
243.892,2016-02-27 00:00:00,,,
36.48,2016-02-28 00:00:00,,,
111.104,2016-02-29 00:00:00,,,
6285.806,2016-03-01 00:00:00,,,
7264.422,2016-03-03 00:00:00,,,
315.45,2016-03-04 00:00:00,,,
162.344,2016-03-05 00:00:00,,,
811.303,2016-03-06 00:00:00,,,
21.072,2016-03-07 00:00:00,,,
2190.81,2016-03-08 00:00:00,,,
635.6,2016-03-09 00:00:00,,,
7879.734,2016-03-10 00:00:00,,,
896.022,2016-03-11 00:00:00,,,
1694.642,2016-03-12 00:00:00,,,
8866.882,2016-03-13 00:00:00,,,
669.368,2016-03-14 00:00:00,,,
2356.808,2016-03-15 00:00:00,,,
2360.334,2016-03-17 00:00:00,,,
1061.682,2016-03-18 00:00:00,,,
138.68,2016-03-19 00:00:00,,,
928.311,2016-03-20 00:00:00,,,
645.706,2016-03-21 00:00:00,,,
226.468,2016-03-22 00:00:00,,,
745.774,2016-03-24 00:00:00,,,
1346.97,2016-03-25 00:00:00,,,
682.246,2016-03-26 00:00:00,,,
92.7,2016-03-27 00:00:00,,,
125.3,2016-03-28 00:00:00,,,
2659.339,2016-03-29 00:00:00,,,
11.34,2016-03-30 00:00:00,,,
640.762,2016-03-31 00:00:00,,,
2161.48,2016-04-01 00:00:00,,,
1454.9,2016-04-02 00:00:00,,,
441.198,2016-04-03 00:00:00,,,
970.194,2016-04-04 00:00:00,,,
1046.334,2016-04-05 00:00:00,,,
1294.75,2016-04-06 00:00:00,,,
1970.574,2016-04-07 00:00:00,,,
2906.404,2016-04-08 00:00:00,,,
1115.197,2016-04-09 00:00:00,,,
950.594,2016-04-10 00:00:00,,,
1542.53,2016-04-12 00:00:00,,,
6.12,2016-04-13 00:00:00,,,
1466.572,2016-04-14 00:00:00,,,
2201.856,2016-04-15 00:00:00,,,
9335.086,2016-04-16 00:00:00,,,
421.085,2016-04-17 00:00:00,,,
2514.538,2016-04-18 00:00:00,,,
1414.132,2016-04-19 00:00:00,,,
271.616,2016-04-21 00:00:00,,,
1765.465,2016-04-22 00:00:00,,,
720.368,2016-04-23 00:00:00,,,
1607.1,2016-04-24 00:00:00,,,
108.42,2016-04-25 00:00:00,,,
434.646,2016-04-26 00:00:00,,,
486.672,2016-04-28 00:00:00,,,
142.208,2016-04-30 00:00:00,,,
517.866,2016-05-01 00:00:00,,,
1098.136,2016-05-02 00:00:00,,,
1099.013,2016-05-03 00:00:00,,,
2701.28,2016-05-05 00:00:00,,,
236.96,2016-05-06 00:00:00,,,
4835.976,2016-05-07 00:00:00,,,
1340.244,2016-05-08 00:00:00,,,
1283.512,2016-05-09 00:00:00,,,
763.02,2016-05-10 00:00:00,,,
5.98,2016-05-11 00:00:00,,,
918.878,2016-05-12 00:00:00,,,
455.93,2016-05-14 00:00:00,,,
648.912,2016-05-15 00:00:00,,,
880.46,2016-05-16 00:00:00,,,
346.922,2016-05-17 00:00:00,,,
122.22,2016-05-18 00:00:00,,,
1582.008,2016-05-19 00:00:00,,,
2471.913,2016-05-20 00:00:00,,,
2718.214,2016-05-21 00:00:00,,,
1799.2,2016-05-22 00:00:00,,,
10560.978,2016-05-23 00:00:00,,,
277.756,2016-05-24 00:00:00,,,
1311.97,2016-05-25 00:00:00,,,
1975.356,2016-05-26 00:00:00,,,
5305.078,2016-05-27 00:00:00,,,
2137.324,2016-05-28 00:00:00,,,
1063.185,2016-05-29 00:00:00,,,
8090.578,2016-05-30 00:00:00,,,
438.859,2016-05-31 00:00:00,,,
157.844,2016-06-02 00:00:00,,,
71.088,2016-06-03 00:00:00,,,
2316.523,2016-06-04 00:00:00,,,
659.82,2016-06-05 00:00:00,,,
6026.312,2016-06-06 00:00:00,,,
51.562,2016-06-07 00:00:00,,,
1688.472,2016-06-09 00:00:00,,,
1412.396,2016-06-10 00:00:00,,,
1623.416,2016-06-11 00:00:00,,,
2962.563,2016-06-12 00:00:00,,,
430.438,2016-06-13 00:00:00,,,
3457.099,2016-06-14 00:00:00,,,
173.488,2016-06-15 00:00:00,,,
147.275,2016-06-16 00:00:00,,,
3000.92,2016-06-17 00:00:00,,,
541.938,2016-06-18 00:00:00,,,
17.12,2016-06-19 00:00:00,,,
1229.548,2016-06-20 00:00:00,,,
577.108,2016-06-21 00:00:00,,,
2475.094,2016-06-23 00:00:00,,,
5310.952,2016-06-24 00:00:00,,,
893.266,2016-06-25 00:00:00,,,
1919.6,2016-06-26 00:00:00,,,
778.706,2016-06-27 00:00:00,,,
877.156,2016-06-28 00:00:00,,,
191.88,2016-06-29 00:00:00,,,
1352.95,2016-06-30 00:00:00,,,
1724.376,2016-07-01 00:00:00,,,
772.786,2016-07-02 00:00:00,,,
847.7,2016-07-03 00:00:00,,,
1651.301,2016-07-04 00:00:00,,,
3882.231,2016-07-07 00:00:00,,,
2616.512,2016-07-08 00:00:00,,,
573.286,2016-07-09 00:00:00,,,
895.895,2016-07-10 00:00:00,,,
95.76,2016-07-12 00:00:00,,,
2149.96,2016-07-14 00:00:00,,,
380.2,2016-07-15 00:00:00,,,
910.17,2016-07-16 00:00:00,,,
2184.88,2016-07-17 00:00:00,,,
2891.858,2016-07-18 00:00:00,,,
1536.454,2016-07-19 00:00:00,,,
89.95,2016-07-20 00:00:00,,,
991.095,2016-07-21 00:00:00,,,
1368.048,2016-07-22 00:00:00,,,
654.587,2016-07-23 00:00:00,,,
326.964,2016-07-24 00:00:00,,,
5920.488,2016-07-25 00:00:00,,,
2033.374,2016-07-28 00:00:00,,,
819.154,2016-07-29 00:00:00,,,
1770.776,2016-07-30 00:00:00,,,
2174.158,2016-07-31 00:00:00,,,
1124.648,2016-08-01 00:00:00,,,
482.584,2016-08-02 00:00:00,,,
248.82,2016-08-03 00:00:00,,,
497.91,2016-08-04 00:00:00,,,
197.05,2016-08-05 00:00:00,,,
320.388,2016-08-06 00:00:00,,,
179.97,2016-08-07 00:00:00,,,
1115.204,2016-08-08 00:00:00,,,
661.354,2016-08-09 00:00:00,,,
151.82,2016-08-11 00:00:00,,,
3951.9605,2016-08-12 00:00:00,,,
731.524,2016-08-13 00:00:00,,,
923.688,2016-08-14 00:00:00,,,
1680.266,2016-08-15 00:00:00,,,
204.54,2016-08-16 00:00:00,,,
15.712,2016-08-17 00:00:00,,,
496.114,2016-08-18 00:00:00,,,
448.792,2016-08-19 00:00:00,,,
14.78,2016-08-20 00:00:00,,,
4798.292,2016-08-21 00:00:00,,,
405.35,2016-08-22 00:00:00,,,
4187.348,2016-08-23 00:00:00,,,
4874.298,2016-08-26 00:00:00,,,
767.911,2016-08-27 00:00:00,,,
322.0248,2016-08-28 00:00:00,,,
632.188,2016-08-29 00:00:00,,,
1656.87,2016-08-30 00:00:00,,,
23.968,2016-08-31 00:00:00,,,
5766.152,2016-09-01 00:00:00,,,
6792.193,2016-09-02 00:00:00,,,
2365.596,2016-09-03 00:00:00,,,
4532.042,2016-09-04 00:00:00,,,
5226.348,2016-09-05 00:00:00,,,
1313.536,2016-09-06 00:00:00,,,
4493.9836,2016-09-08 00:00:00,,,
84.992,2016-09-09 00:00:00,,,
2094.324,2016-09-10 00:00:00,,,
6501.586,2016-09-11 00:00:00,,,
2043.792,2016-09-12 00:00:00,,,
2374.73,2016-09-13 00:00:00,,,
1137.338,2016-09-14 00:00:00,,,
2101.182,2016-09-15 00:00:00,,,
425.886,2016-09-16 00:00:00,,,
2043.126,2016-09-17 00:00:00,,,
4751.082,2016-09-18 00:00:00,,,
3839.312,2016-09-19 00:00:00,,,
1232.004,2016-09-20 00:00:00,,,
615.57,2016-09-22 00:00:00,,,
1322.145,2016-09-23 00:00:00,,,
2286.05,2016-09-24 00:00:00,,,
3443.091,2016-09-25 00:00:00,,,
2698.1665,2016-09-26 00:00:00,,,
1992.9858,2016-09-27 00:00:00,,,
99.136,2016-09-28 00:00:00,,,
1307.792,2016-09-29 00:00:00,,,
525.884,2016-09-30 00:00:00,,,
781.414,2016-10-01 00:00:00,,,
18452.972,2016-10-02 00:00:00,,,
1680.696,2016-10-03 00:00:00,,,
5912.782,2016-10-04 00:00:00,,,
830.4,2016-10-06 00:00:00,,,
973.712,2016-10-07 00:00:00,,,
561.536,2016-10-08 00:00:00,,,
546.92,2016-10-09 00:00:00,,,
282.753,2016-10-10 00:00:00,,,
33.064,2016-10-11 00:00:00,,,
1650.618,2016-10-13 00:00:00,,,
3335.888,2016-10-14 00:00:00,,,
1620.15,2016-10-15 00:00:00,,,
142.182,2016-10-16 00:00:00,,,
2953.346,2016-10-17 00:00:00,,,
307.92,2016-10-18 00:00:00,,,
946.174,2016-10-20 00:00:00,,,
7951.592,2016-10-21 00:00:00,,,
188.28,2016-10-22 00:00:00,,,
467.422,2016-10-23 00:00:00,,,
1365.498,2016-10-24 00:00:00,,,
783.96,2016-10-25 00:00:00,,,
978.79,2016-10-27 00:00:00,,,
2899.021,2016-10-28 00:00:00,,,
131.154,2016-10-29 00:00:00,,,
159.002,2016-10-30 00:00:00,,,
3750.499,2016-10-31 00:00:00,,,
453.374,2016-11-01 00:00:00,,,
3802.796,2016-11-03 00:00:00,,,
3888.818,2016-11-04 00:00:00,,,
4266.8988,2016-11-05 00:00:00,,,
773.256,2016-11-06 00:00:00,,,
3810.464,2016-11-07 00:00:00,,,
993.9,2016-11-08 00:00:00,,,
479.97,2016-11-09 00:00:00,,,
4723.478,2016-11-10 00:00:00,,,
4944.296,2016-11-11 00:00:00,,,
4914.938,2016-11-12 00:00:00,,,
2945.138,2016-11-13 00:00:00,,,
2774.062,2016-11-14 00:00:00,,,
2145.718,2016-11-15 00:00:00,,,
36.72,2016-11-16 00:00:00,,,
142.684,2016-11-17 00:00:00,,,
3958.932,2016-11-18 00:00:00,,,
638.462,2016-11-19 00:00:00,,,
3070.333,2016-11-20 00:00:00,,,
1176.891,2016-11-21 00:00:00,,,
317.044,2016-11-22 00:00:00,,,
100.616,2016-11-23 00:00:00,,,
6394.538,2016-11-24 00:00:00,,,
7978.551,2016-11-25 00:00:00,,,
8329.743,2016-11-26 00:00:00,,,
1651.239,2016-11-27 00:00:00,,,
3428.372,2016-11-28 00:00:00,,,
300.592,2016-11-29 00:00:00,,,
970.142,2016-11-30 00:00:00,,,
7365.455,2016-12-01 00:00:00,,,
4684.616,2016-12-02 00:00:00,,,
5269.816,2016-12-03 00:00:00,,,
944.286,2016-12-04 00:00:00,,,
5267.004,2016-12-05 00:00:00,,,
3878.276,2016-12-06 00:00:00,,,
4709.095,2016-12-08 00:00:00,,,
1855.483,2016-12-09 00:00:00,,,
3459.71,2016-12-10 00:00:00,,,
6102.25,2016-12-11 00:00:00,,,
1981.115,2016-12-12 00:00:00,,,
1194.088,2016-12-13 00:00:00,,,
828.654,2016-12-14 00:00:00,,,
2637.087,2016-12-15 00:00:00,,,
628.542,2016-12-16 00:00:00,,,
12185.134,2016-12-17 00:00:00,,,
7051.35,2016-12-18 00:00:00,,,
815.112,2016-12-19 00:00:00,,,
134.54,2016-12-20 00:00:00,,,
1043.128,2016-12-22 00:00:00,,,
6965.857,2016-12-23 00:00:00,,,
1938.26,2016-12-24 00:00:00,,,
10488.055,2016-12-25 00:00:00,,,
1829.418,2016-12-26 00:00:00,,,
959.49,2016-12-27 00:00:00,,,
1277.68,2016-12-29 00:00:00,,,
773.774,2016-12-30 00:00:00,,,
731.768,2016-12-31 00:00:00,,,
1481.828,2017-01-01 00:00:00,,,
2079.554,2017-01-02 00:00:00,,,
2070.272,2017-01-03 00:00:00,,,
33.74,2017-01-06 00:00:00,,,
3395.59,2017-01-07 00:00:00,,,
892.98,2017-01-08 00:00:00,,,
274.491,2017-01-09 00:00:00,,,
848.52,2017-01-12 00:00:00,,,
4619.33,2017-01-13 00:00:00,,,
1056.038,2017-01-14 00:00:00,,,
2140.28,2017-01-15 00:00:00,,,
6230.292,2017-01-16 00:00:00,,,
2013.715,2017-01-19 00:00:00,,,
767.838,2017-01-20 00:00:00,,,
2546.643,2017-01-21 00:00:00,,,
4212.372,2017-01-22 00:00:00,,,
450.334,2017-01-23 00:00:00,,,
418.666,2017-01-24 00:00:00,,,
3055.28,2017-01-26 00:00:00,,,
331.914,2017-01-27 00:00:00,,,
1007.52,2017-01-28 00:00:00,,,
294.842,2017-01-29 00:00:00,,,
3749.335,2017-01-30 00:00:00,,,
913.354,2017-02-02 00:00:00,,,
922.327,2017-02-03 00:00:00,,,
32.67,2017-02-04 00:00:00,,,
2263.012,2017-02-05 00:00:00,,,
904.354,2017-02-06 00:00:00,,,
773.764,2017-02-09 00:00:00,,,
227.103,2017-02-10 00:00:00,,,
1241.516,2017-02-11 00:00:00,,,
1058.43,2017-02-13 00:00:00,,,
1337.442,2017-02-16 00:00:00,,,
2964.8174,2017-02-17 00:00:00,,,
287.326,2017-02-18 00:00:00,,,
1314.59,2017-02-19 00:00:00,,,
1150.29,2017-02-20 00:00:00,,,
47.904,2017-02-21 00:00:00,,,
117.8,2017-02-23 00:00:00,,,
1448.676,2017-02-24 00:00:00,,,
430.492,2017-02-25 00:00:00,,,
2847.646,2017-02-26 00:00:00,,,
17.62,2017-02-28 00:00:00,,,
1450.126,2017-03-02 00:00:00,,,
2000.104,2017-03-03 00:00:00,,,
228.822,2017-03-04 00:00:00,,,
1240.02,2017-03-05 00:00:00,,,
778.236,2017-03-06 00:00:00,,,
166.59,2017-03-07 00:00:00,,,
843.1,2017-03-08 00:00:00,,,
710.804,2017-03-09 00:00:00,,,
1252.952,2017-03-10 00:00:00,,,
1973.708,2017-03-11 00:00:00,,,
353.28,2017-03-12 00:00:00,,,
4791.35,2017-03-13 00:00:00,,,
49.616,2017-03-14 00:00:00,,,
2014.381,2017-03-16 00:00:00,,,
542.746,2017-03-17 00:00:00,,,
1027.758,2017-03-18 00:00:00,,,
2166.248,2017-03-19 00:00:00,,,
899.568,2017-03-20 00:00:00,,,
3332.636,2017-03-21 00:00:00,,,
14816.068,2017-03-23 00:00:00,,,
1257.298,2017-03-24 00:00:00,,,
3567.026,2017-03-25 00:00:00,,,
3252.88,2017-03-26 00:00:00,,,
2933.516,2017-03-27 00:00:00,,,
1504.702,2017-03-28 00:00:00,,,
81.4,2017-03-29 00:00:00,,,
656.407,2017-03-30 00:00:00,,,
4981.0108,2017-03-31 00:00:00,,,
5972.988,2017-04-01 00:00:00,,,
822.97,2017-04-02 00:00:00,,,
32.528,2017-04-03 00:00:00,,,
808.47,2017-04-04 00:00:00,,,
114.42,2017-04-06 00:00:00,,,
1971.2905,2017-04-07 00:00:00,,,
6401.93,2017-04-08 00:00:00,,,
1626.71,2017-04-09 00:00:00,,,
755.529,2017-04-10 00:00:00,,,
319.806,2017-04-11 00:00:00,,,
69.66,2017-04-12 00:00:00,,,
1345.824,2017-04-13 00:00:00,,,
652.93,2017-04-14 00:00:00,,,
332.338,2017-04-15 00:00:00,,,
944.429,2017-04-16 00:00:00,,,
3431.459,2017-04-17 00:00:00,,,
2033.24,2017-04-20 00:00:00,,,
1254.564,2017-04-21 00:00:00,,,
947.692,2017-04-22 00:00:00,,,
1199.222,2017-04-23 00:00:00,,,
928.558,2017-04-24 00:00:00,,,
678.113,2017-04-25 00:00:00,,,
61.608,2017-04-26 00:00:00,,,
576.5756,2017-04-27 00:00:00,,,
795.296,2017-04-28 00:00:00,,,
1053.26,2017-04-29 00:00:00,,,
1390.126,2017-04-30 00:00:00,,,
4108.37,2017-05-01 00:00:00,,,
399.11,2017-05-02 00:00:00,,,
1386.346,2017-05-03 00:00:00,,,
1389.405,2017-05-04 00:00:00,,,
185.123,2017-05-05 00:00:00,,,
3183.3698,2017-05-06 00:00:00,,,
2549.468,2017-05-07 00:00:00,,,
3658.554,2017-05-08 00:00:00,,,
1078.222,2017-05-09 00:00:00,,,
449.469,2017-05-11 00:00:00,,,
970.384,2017-05-12 00:00:00,,,
3066.378,2017-05-13 00:00:00,,,
4182.062,2017-05-14 00:00:00,,,
421.264,2017-05-15 00:00:00,,,
221.024,2017-05-16 00:00:00,,,
1830.508,2017-05-18 00:00:00,,,
4919.182,2017-05-19 00:00:00,,,
2997.578,2017-05-20 00:00:00,,,
538.02,2017-05-21 00:00:00,,,
336.562,2017-05-22 00:00:00,,,
241.436,2017-05-23 00:00:00,,,
886.026,2017-05-25 00:00:00,,,
270.24,2017-05-26 00:00:00,,,
2084.908,2017-05-27 00:00:00,,,
1480.103,2017-05-28 00:00:00,,,
691.108,2017-05-29 00:00:00,,,
736.8904,2017-05-30 00:00:00,,,
5058.362,2017-06-01 00:00:00,,,
135.706,2017-06-02 00:00:00,,,
2952.036,2017-06-03 00:00:00,,,
279.414,2017-06-04 00:00:00,,,
491.112,2017-06-05 00:00:00,,,
31.35,2017-06-06 00:00:00,,,
2227.038,2017-06-08 00:00:00,,,
939.133,2017-06-09 00:00:00,,,
2513.343,2017-06-10 00:00:00,,,
1580.894,2017-06-11 00:00:00,,,
1679.968,2017-06-12 00:00:00,,,
1156.018,2017-06-13 00:00:00,,,
4057.51,2017-06-15 00:00:00,,,
2724.194,2017-06-16 00:00:00,,,
3896.672,2017-06-17 00:00:00,,,
1031.1555,2017-06-18 00:00:00,,,
2115.941,2017-06-19 00:00:00,,,
1028.228,2017-06-20 00:00:00,,,
595.656,2017-06-21 00:00:00,,,
579.019,2017-06-22 00:00:00,,,
1287.614,2017-06-24 00:00:00,,,
1508.352,2017-06-25 00:00:00,,,
4224.136,2017-06-26 00:00:00,,,
1644.906,2017-06-27 00:00:00,,,
4521.9912,2017-06-29 00:00:00,,,
4721.977,2017-06-30 00:00:00,,,
639.83,2017-07-01 00:00:00,,,
169.192,2017-07-02 00:00:00,,,
6963.404,2017-07-03 00:00:00,,,
476.354,2017-07-05 00:00:00,,,
380.378,2017-07-06 00:00:00,,,
1620.25,2017-07-07 00:00:00,,,
1980.264,2017-07-08 00:00:00,,,
1671.214,2017-07-09 00:00:00,,,
359.214,2017-07-10 00:00:00,,,
1728.892,2017-07-11 00:00:00,,,
3.816,2017-07-12 00:00:00,,,
504.542,2017-07-13 00:00:00,,,
3598.934,2017-07-14 00:00:00,,,
2132.229,2017-07-15 00:00:00,,,
316.636,2017-07-16 00:00:00,,,
2191.873,2017-07-17 00:00:00,,,
2106.794,2017-07-18 00:00:00,,,
2283.208,2017-07-20 00:00:00,,,
3685.944,2017-07-21 00:00:00,,,
556.314,2017-07-22 00:00:00,,,
898.188,2017-07-23 00:00:00,,,
2399.96,2017-07-24 00:00:00,,,
798.742,2017-07-25 00:00:00,,,
2012.302,2017-07-26 00:00:00,,,
1142.68,2017-07-27 00:00:00,,,
1170.564,2017-07-28 00:00:00,,,
1391.294,2017-07-29 00:00:00,,,
523.376,2017-07-30 00:00:00,,,
1558.028,2017-07-31 00:00:00,,,
2085.65,2017-08-01 00:00:00,,,
531.348,2017-08-03 00:00:00,,,
20.07,2017-08-04 00:00:00,,,
503.676,2017-08-05 00:00:00,,,
1424.026,2017-08-06 00:00:00,,,
3479.624,2017-08-07 00:00:00,,,
1823.07,2017-08-10 00:00:00,,,
708.726,2017-08-11 00:00:00,,,
3693.084,2017-08-12 00:00:00,,,
2643.164,2017-08-13 00:00:00,,,
440.736,2017-08-14 00:00:00,,,
1949.872,2017-08-15 00:00:00,,,
80.564,2017-08-16 00:00:00,,,
9517.288,2017-08-17 00:00:00,,,
7078.484,2017-08-18 00:00:00,,,
512.446,2017-08-19 00:00:00,,,
692.95,2017-08-20 00:00:00,,,
8551.054,2017-08-21 00:00:00,,,
524.54,2017-08-22 00:00:00,,,
4590.344,2017-08-23 00:00:00,,,
685.056,2017-08-24 00:00:00,,,
361.988,2017-08-25 00:00:00,,,
190.66,2017-08-26 00:00:00,,,
6190.538,2017-08-27 00:00:00,,,
1443.632,2017-08-28 00:00:00,,,
235.468,2017-08-29 00:00:00,,,
3162.83,2017-08-31 00:00:00,,,
1261.81,2017-09-01 00:00:00,,,
9354.854,2017-09-02 00:00:00,,,
1595.849,2017-09-03 00:00:00,,,
5360.202,2017-09-04 00:00:00,,,
327.044,2017-09-05 00:00:00,,,
3848.565,2017-09-07 00:00:00,,,
2184.327,2017-09-08 00:00:00,,,
4356.061,2017-09-09 00:00:00,,,
2506.646,2017-09-10 00:00:00,,,
5564.006,2017-09-11 00:00:00,,,
491.55,2017-09-12 00:00:00,,,
15.92,2017-09-13 00:00:00,,,
4367.347,2017-09-14 00:00:00,,,
7285.026,2017-09-15 00:00:00,,,
849.65,2017-09-16 00:00:00,,,
4979.226,2017-09-17 00:00:00,,,
1511.93,2017-09-18 00:00:00,,,
1648.188,2017-09-19 00:00:00,,,
7359.918,2017-09-20 00:00:00,,,
338.172,2017-09-21 00:00:00,,,
7871.213,2017-09-22 00:00:00,,,
2395.786,2017-09-23 00:00:00,,,
6450.462,2017-09-24 00:00:00,,,
1412.213,2017-09-25 00:00:00,,,
1486.576,2017-09-26 00:00:00,,,
559.271,2017-09-28 00:00:00,,,
1944.08,2017-09-29 00:00:00,,,
540.76,2017-09-30 00:00:00,,,
2978.466,2017-10-01 00:00:00,,,
5418.022,2017-10-02 00:00:00,,,
2504.48,2017-10-03 00:00:00,,,
19.98,2017-10-04 00:00:00,,,
6684.616,2017-10-05 00:00:00,,,
1499.652,2017-10-06 00:00:00,,,
2749.21,2017-10-07 00:00:00,,,
608.356,2017-10-08 00:00:00,,,
1496.589,2017-10-09 00:00:00,,,
239.358,2017-10-10 00:00:00,,,
5635.354,2017-10-12 00:00:00,,,
8405.802,2017-10-13 00:00:00,,,
134.332,2017-10-14 00:00:00,,,
1017.94,2017-10-15 00:00:00,,,
3473.597,2017-10-16 00:00:00,,,
126.352,2017-10-17 00:00:00,,,
2781.8702,2017-10-19 00:00:00,,,
1333.858,2017-10-20 00:00:00,,,
4537.201,2017-10-21 00:00:00,,,
15158.877,2017-10-22 00:00:00,,,
3352.394,2017-10-23 00:00:00,,,
529.085,2017-10-24 00:00:00,,,
999.868,2017-10-26 00:00:00,,,
1086.32,2017-10-27 00:00:00,,,
408.726,2017-10-28 00:00:00,,,
46.96,2017-10-29 00:00:00,,,
4025.73,2017-10-30 00:00:00,,,
523.928,2017-10-31 00:00:00,,,
2921.43,2017-11-01 00:00:00,,,
6294.386,2017-11-02 00:00:00,,,
4536.937,2017-11-03 00:00:00,,,
10668.096,2017-11-04 00:00:00,,,
2355.064,2017-11-05 00:00:00,,,
4288.75,2017-11-06 00:00:00,,,
2413.378,2017-11-07 00:00:00,,,
384.1,2017-11-08 00:00:00,,,
4751.492,2017-11-09 00:00:00,,,
4007.548,2017-11-10 00:00:00,,,
1815.218,2017-11-11 00:00:00,,,
2911.386,2017-11-12 00:00:00,,,
6633.4202,2017-11-13 00:00:00,,,
834.658,2017-11-14 00:00:00,,,
559.2,2017-11-15 00:00:00,,,
4755.234,2017-11-16 00:00:00,,,
13694.8828,2017-11-17 00:00:00,,,
1469.756,2017-11-18 00:00:00,,,
7397.272,2017-11-19 00:00:00,,,
2988.274,2017-11-20 00:00:00,,,
2236.184,2017-11-21 00:00:00,,,
35.712,2017-11-22 00:00:00,,,
1153.109,2017-11-23 00:00:00,,,
4959.641,2017-11-24 00:00:00,,,
3666.157,2017-11-25 00:00:00,,,
5048.172,2017-11-26 00:00:00,,,
1618.254,2017-11-27 00:00:00,,,
6912.944,2017-11-28 00:00:00,,,
491.888,2017-11-29 00:00:00,,,
6645.282,2017-11-30 00:00:00,,,
5331.178,2017-12-01 00:00:00,,,
9951.182,2017-12-02 00:00:00,,,
1403.842,2017-12-03 00:00:00,,,
2639.638,2017-12-04 00:00:00,,,
1453.136,2017-12-05 00:00:00,,,
10.68,2017-12-06 00:00:00,,,
2916.514,2017-12-07 00:00:00,,,
7643.041,2017-12-08 00:00:00,,,
5470.39,2017-12-09 00:00:00,,,
3873.559,2017-12-10 00:00:00,,,
2823.965,2017-12-11 00:00:00,,,
580.936,2017-12-13 00:00:00,,,
3897.714,2017-12-14 00:00:00,,,
306.888,2017-12-15 00:00:00,,,
858.702,2017-12-16 00:00:00,,,
2027.758,2017-12-17 00:00:00,,,
3645.911,2017-12-18 00:00:00,,,
1895.926,2017-12-19 00:00:00,,,
377.736,2017-12-20 00:00:00,,,
2140.94,2017-12-21 00:00:00,,,
7442.021,2017-12-22 00:00:00,,,
1926.776,2017-12-23 00:00:00,,,
6233.054,2017-12-24 00:00:00,,,
2698.927,2017-12-25 00:00:00,,,
814.594,2017-12-26 00:00:00,,,
177.636,2017-12-27 00:00:00,,,
1657.3508,2017-12-28 00:00:00,,,
2915.534,2017-12-29 00:00:00,,,
713.79,2017-12-30 00:00:00,713.79,713.79,713.79
,2017-12-31 00:00:00,1363.5441943918133,5537.352506938777,'-2810.2641181551508
,2018-01-01 00:00:00,1316.3540657629167,5510.979506512662,'-2878.271374986829
,2018-01-02 00:00:00,514.7756627343413,4730.115429168817,'-3700.564103700134
,2018-01-03 00:00:00,432.7871876157719,4668.73998536774,'-3803.1656101361955
,2018-01-04 00:00:00,360.6935282907159,4617.159534625264,'-3895.772478043832
,2018-01-05 00:00:00,1078.7920477960884,5355.672876318253,'-3198.0887807260765
,2018-01-06 00:00:00,1225.3882415695148,5522.586908105577,'-3071.810424966547
,2018-01-07 00:00:00,813.6678407745842,5131.088730377329,'-3503.753048828161
,2018-01-08 00:00:00,830.4448608512803,5167.993695882077,'-3507.1039741795166
,2018-01-09 00:00:00,526.6822684079168,4884.26607765082,'-3830.901540834986
,2018-01-10 00:00:00,564.2434804358804,4941.770569201266,'-3813.2836083295047
,2018-01-11 00:00:00,603.4494787713313,5000.829399948669,'-3793.9304424060065
,2018-01-12 00:00:00,1061.6467279604535,5478.790253981821,'-3355.496798060913
,2018-01-13 00:00:00,383.7760768915407,4820.5951725693585,'-4053.0430187862776
,2018-01-14 00:00:00,894.9363598146077,5351.344156018877,'-3561.4714363896614
,2018-01-15 00:00:00,1461.234803931307,5937.145572073256,'-3014.675964210642
,2018-01-16 00:00:00,1058.1953318230283,5553.524459113701,'-3437.1337954676446
,2018-01-17 00:00:00,880.3731038645261,5395.037069318298,'-3634.290861589245
,2018-01-18 00:00:00,719.4299955100278,5253.3463466644735,'-3814.486355644418
,2018-01-19 00:00:00,496.63968821395565,5049.727018538786,'-4056.447642110875
,2018-01-20 00:00:00,1042.0969821057538,5614.274909074842,'-3530.080944863335
,2018-01-21 00:00:00,552.2900628567656,5143.479206658426,'-4038.899080944894
,2018-01-22 00:00:00,477.712644893174,5087.834607755012,'-4132.409317968664
,2018-01-23 00:00:00,1735.5308349135914,6364.50818101931,'-2893.446511192127
,2018-01-24 00:00:00,2100.273081665282,6748.029317641822,'-2547.4831543112577
,2018-01-25 00:00:00,1717.4348420637345,6383.894398018085,'-2949.024713890616
,2018-01-26 00:00:00,1660.7779343946168,6345.866145480564,'-3024.3102766913307
,2018-01-27 00:00:00,1568.5910357672396,6272.234124263154,'-3135.052052728675
,2018-01-28 00:00:00,916.552642162294,5638.677700041877,'-3805.5724157172885
,2018-01-29 00:00:00,714.2735322266349,5454.808504205337,'-4026.261439752067
,2018-01-30 00:00:00,4345.948423156066,9104.822090196616,'-412.9252438844842
,2018-01-31 00:00:00,1160.0931311528216,5937.235094413996,'-3617.0488321083535
,2018-02-01 00:00:00,1057.92628276698,5853.266947980423,'-3737.4143824464627
,2018-02-02 00:00:00,2494.486591876138,7307.957154136653,'-2318.9839703843772
,2018-02-03 00:00:00,365.189320376822,5196.721749332197,'-4466.343108578552
,2018-02-04 00:00:00,823.7928710913983,5673.31989651834,'-4025.7341543355433
,2018-02-05 00:00:00,1239.543344463336,6106.998442216694,'-3627.911753290021
,2018-02-06 00:00:00,471.46242968863817,5356.779808011566,'-4413.854948634289
,2018-02-07 00:00:00,403.5666634431411,5306.681249626383,'-4499.547922740101
,2018-02-08 00:00:00,503.40037068215975,5424.247798061078,'-4417.447056696759
,2018-02-09 00:00:00,1107.0944380941628,6045.6110333726065,'-3831.422157184281
,2018-02-10 00:00:00,770.7225915194488,5726.845362409961,'-4185.400179371064
,2018-02-11 00:00:00,1262.4078605360808,6236.074483706388,'-3711.2587626342256
,2018-02-12 00:00:00,492.8119296886425,5483.960739004708,'-4498.336879627423
,2018-02-13 00:00:00,788.1354786842082,5796.705453740565,'-4220.434496372148
,2018-02-14 00:00:00,683.6912706108437,5709.622025539218,'-4342.23948431753
,2018-02-15 00:00:00,626.487649527056,5669.7194220746715,'-4416.744123020559
,2018-02-16 00:00:00,712.3477718517067,5772.82141272097,'-4348.125869017556
,2018-02-17 00:00:00,1200.4664051505556,6278.123367592138,'-3877.190557291027
,2018-02-18 00:00:00,923.964612855016,6018.746942506631,'-4170.8177167966
,2018-02-19 00:00:00,666.6070895481375,5778.457414511613,'-4445.243235415339
,2018-02-20 00:00:00,161.78650405084636,5290.648025200357,'-4967.075017098665
,2018-02-21 00:00:00,158.85322472341136,5304.669706237975,'-4986.963256791152
,2018-02-22 00:00:00,391.2808692776921,5553.996629391335,'-4771.434890835952
,2018-02-23 00:00:00,881.922007767897,6061.481909731059,'-4297.637894195266
,2018-02-24 00:00:00,643.5719106049919,5839.92135385104,'-4552.7775326410565
,2018-02-25 00:00:00,1088.63460877644,6301.719520287317,'-4124.450302734436
,2018-02-26 00:00:00,744.8242640441323,5974.591089909434,'-4484.94256182117
,2018-02-27 00:00:00,3257.7895519841086,8504.185249148028,'-1988.6061451798114
,2018-02-28 00:00:00,3757.4710896677816,9020.443117858598,'-1505.5009385230342
,2018-03-01 00:00:00,4253.513506270209,9533.009820107149,'-1025.9828075667292
,2018-03-02 00:00:00,1295.8822210790756,6591.851262351568,'-4000.0868201934163
,2018-03-03 00:00:00,704.9187905080396,6017.309480622571,'-4607.471899606491
,2018-03-04 00:00:00,1768.6134868728138,7097.375219462703,'-3560.148245717075
,2018-03-05 00:00:00,523.4870789976169,5868.569712691249,'-4821.595554696016
,2018-03-06 00:00:00,1212.9947508396594,6574.348602182818,'-4148.3591005035
,2018-03-07 00:00:00,651.9333973193361,6029.509233847445,'-4725.642439208773
,2018-03-08 00:00:00,3673.7743910774725,9067.523424533687,'-1719.974642378742
,2018-03-09 00:00:00,1412.8332387681996,6822.707118463428,'-3997.040640927029
,2018-03-10 00:00:00,1400.7572164447201,6826.7080227557735,'-4025.1935898663332
,2018-03-11 00:00:00,3956.4673916571783,9398.447629659375,'-1485.5128463450174
,2018-03-12 00:00:00,4217.979698616947,9675.94229184762,'-1239.9828946137259
,2018-03-13 00:00:00,3248.0780108358877,8721.976295185365,'-2225.820273513589
,2018-03-14 00:00:00,2372.605279931043,7862.39299765775,'-3117.1824377956646
,2018-03-15 00:00:00,3775.715524706293,9281.346818572772,'-1729.9157691601858
,2018-03-16 00:00:00,1561.5873910773507,7083.016798604059,'-3959.8420164493573
,2018-03-17 00:00:00,836.0998093308807,6373.28225716476,'-4701.082638502999
,2018-03-18 00:00:00,1803.075023529102,7355.965821923975,'-3749.815774865772
,2018-03-19 00:00:00,736.418489608353,6304.973327014313,'-4832.136347797608
,2018-03-20 00:00:00,741.7419416366183,6325.916879395659,'-4842.432996122422
,2018-03-21 00:00:00,2224.4192825491796,7824.1707496944,'-3375.3321845960404
,2018-03-22 00:00:00,3761.486345318972,9376.77113347477,'-1853.7984428368263
,2018-03-23 00:00:00,768.5205508610522,6399.295809241799,'-4862.254707519694
,2018-03-24 00:00:00,723.4399234070245,6369.663153911786,'-4922.783307097738
,2018-03-25 00:00:00,986.4800123986627,6648.109064799613,'-4675.1490400022885
,2018-03-26 00:00:00,617.8140632621205,6294.807130484358,'-5059.1790039601165
,2018-03-27 00:00:00,1238.4739496036354,6930.789563094178,'-4453.841663886908
,2018-03-28 00:00:00,130.39959884175073,5837.99662402556,'-5577.197426342058
,2018-03-29 00:00:00,395.4604506188102,6118.298082439753,'-5327.377181202133
,2018-03-30 00:00:00,1737.0815375337636,7475.119296078473,'-4000.956221010946
,2018-03-31 00:00:00,2116.951193169032,7870.14891937171,'-3636.2465330336454
,2018-04-01 00:00:00,1474.4276064939527,7242.745457920182,'-4293.890244932278
,2018-04-02 00:00:00,440.0707135453704,6223.469160253099,'-5343.3277331623585
,2018-04-03 00:00:00,947.7870224019734,6746.226842877843,'-4850.6527980738965
,2018-04-04 00:00:00,996.9377406111391,6810.380017780415,'-4816.504536558137
,2018-04-05 00:00:00,1226.251221968132,7054.65733927653,'-4602.154895340266
,2018-04-06 00:00:00,1581.5720698880834,7424.903707453833,'-4261.759567677666
,2018-04-07 00:00:00,1747.1541601122015,7605.373290946733,'-4111.064970722329
,2018-04-08 00:00:00,541.3985020919724,6414.467388387668,'-5331.670384203722
,2018-04-09 00:00:00,1861.9090125657267,7749.790202049207,'-4025.972176917754
,2018-04-10 00:00:00,677.4858512914038,6580.142173640883,'-5225.170471058074
,2018-04-11 00:00:00,852.8767560079051,6770.271319333147,'-5064.517807317337
,2018-04-12 00:00:00,2496.3752262356493,8428.471413619161,'-3435.720961147863
,2018-04-13 00:00:00,2220.675121265835,8167.4365873639035,'-3726.086344832234
,2018-04-14 00:00:00,4844.236947346589,10805.62761504886,'-1117.153720355681
,2018-04-15 00:00:00,635.2534304028243,6611.23748754911,'-5340.7306267434615
,2018-04-16 00:00:00,2067.120672263764,8057.662568416852,'-3923.4212238893247
,2018-04-17 00:00:00,1379.2585892137095,7384.323032486929,'-4625.80585405951
,2018-04-18 00:00:00,801.8133287080293,6821.365282646391,'-5217.738625230333
,2018-04-19 00:00:00,530.2447641748035,6564.2494446885685,'-5503.759916338962
,2018-04-20 00:00:00,1088.9340446584467,7137.356917007972,'-4959.488827691079
,2018-04-21 00:00:00,825.3291234983121,6888.135899329103,'-5237.477652332478
,2018-04-22 00:00:00,1782.9505634502116,7860.107197877089,'-4294.206070976665
,2018-04-23 00:00:00,1480.180072017708,7571.652760757062,'-4611.2926167216465
,2018-04-24 00:00:00,2007.4677812510356,8113.222957800152,'-4098.287395298081
,2018-04-25 00:00:00,350.40773213006787,6470.412064992521,'-5769.596600732386
,2018-04-26 00:00:00,1030.5823801259605,7164.802770082132,'-5103.638009830212
,2018-04-27 00:00:00,508.09729651273733,6656.500873934516,'-5640.306280909041
,2018-04-28 00:00:00,310.93898042720457,6473.493102635932,'-5851.615141781524
,2018-04-29 00:00:00,1335.3944740534675,7512.066722720272,'-4841.277774613336
,2018-04-30 00:00:00,1418.2620515345852,7609.020230122204,'-4772.496127053034
,2018-05-01 00:00:00,917.3527138823606,7122.164845127621,'-5287.459417362901
,2018-05-02 00:00:00,1310.4310059113338,7529.265329347458,'-4908.40331752479
,2018-05-03 00:00:00,1581.4223922074718,7814.247361725394,'-4651.40257731045
,2018-05-04 00:00:00,1831.2705898812073,8078.054871329138,'-4415.5136915667235
,2018-05-05 00:00:00,2609.2753911712557,8869.987859991701,'-3651.43707764919
,2018-05-06 00:00:00,1067.3063479908678,7341.916086894369,'-5207.303390912633
,2018-05-07 00:00:00,1078.7274083400218,7367.203705014879,'-5209.748888334836
,2018-05-08 00:00:00,948.7134374481133,7251.025782305386,'-5353.59890740916
,2018-05-09 00:00:00,224.78981834129763,6540.907902294388,'-6091.328265611792
,2018-05-10 00:00:00,1758.795926374208,8088.68963865233,'-4571.097785903915
,2018-05-11 00:00:00,482.0339092950396,6825.6733352899455,'-5861.605516699866
,2018-05-12 00:00:00,648.9520551313731,7006.307474276651,'-5708.403364013906
,2018-05-13 00:00:00,826.844708914271,7197.8865925966165,'-5544.197174768075
,2018-05-14 00:00:00,404.99139955083365,6789.690409052657,'-5979.707609950989
,2018-05-15 00:00:00,221.73883350693814,6620.065817979709,'-6176.588150965833
,2018-05-16 00:00:00,535.7973674446719,6947.7233619124245,'-5876.12862702308
,2018-05-17 00:00:00,867.6142843963657,7293.110507788777,'-5557.8819389960445
,2018-05-18 00:00:00,3103.1955461817915,9542.233399396277,'-3335.8423070326935
,2018-05-19 00:00:00,1959.4198275457716,8411.970891538049,'-4493.131236446505
,2018-05-20 00:00:00,1048.8236168233625,7514.859650725952,'-5417.212417079227
,2018-05-21 00:00:00,5268.145694235918,11747.638633504052,'-1211.3472450322142
,2018-05-22 00:00:00,783.9288393009459,7276.850793885372,'-5708.993115283481
,2018-05-23 00:00:00,1067.0681042281158,7573.391356774312,'-5439.2551483180805
,2018-05-24 00:00:00,1405.4287455448832,7925.125749618169,'-5114.268258528403
,2018-05-25 00:00:00,2968.8707458613117,9501.914124197403,'-3564.1726324747788
,2018-05-26 00:00:00,1550.0274274082067,8096.38997018873,'-4996.335115372317
,2018-05-27 00:00:00,3191.494383224037,9751.14904637657,'-3368.1602799284947
,2018-05-28 00:00:00,3959.433018479159,10532.352922001308,'-2613.4868850429903
,2018-05-29 00:00:00,853.7368235171933,7439.895249824329,'-5732.421602789942
,2018-05-30 00:00:00,1029.4958556462184,7628.866247942391,'-5569.874536649953
,2018-05-31 00:00:00,1232.9308464968863,7845.486807168539,'-5379.625114174766
,2018-06-01 00:00:00,831.8487864559092,7457.564075487959,'-5793.86650257614
,2018-06-02 00:00:00,1668.0588109195128,8306.907344333416,'-4970.78972249439
,2018-06-03 00:00:00,559.4951303834775,7211.450978696873,'-6092.460717929917
,2018-06-04 00:00:00,3448.063819313493,10113.10120602106,'-3216.973567394075
,2018-06-05 00:00:00,439.75040689055254,7117.843706965695,'-6238.342893184589
,2018-06-06 00:00:00,1407.8142668943308,8098.938005311322,'-5283.30947152266
,2018-06-07 00:00:00,2382.2185702629126,9086.347420539154,'-4321.910280013328
,2018-06-08 00:00:00,827.571744877808,7544.68052763584,'-5889.5370378802245
,2018-06-09 00:00:00,1471.1423616568136,8201.206043205744,'-5258.921319892117
,2018-06-10 00:00:00,1540.0201441045688,8283.013835040578,'-5202.973546831439
,2018-06-11 00:00:00,752.1017065372168,7508.000660362805,'-6003.797247288371
,2018-06-12 00:00:00,3259.603658188069,10028.383269949743,'-3509.1759535736064
,2018-06-13 00:00:00,1492.1629682249672,8273.798773169037,'-5289.472836719102
,2018-06-14 00:00:00,1357.8664601874393,8152.334132433607,'-5436.6012120587275
,2018-06-15 00:00:00,1863.283443437483,8670.55879466995,'-4943.991907794985
,2018-06-16 00:00:00,1259.573513689729,8079.632491865503,'-5560.485464486044
,2018-06-17 00:00:00,256.59931088555686,7089.4179989596705,'-6576.219377188556
,2018-06-18 00:00:00,1506.0106706793333,8351.565285346702,'-5339.543943988036
,2018-06-19 00:00:00,642.0302154356671,7500.297105889301,'-6216.236675017967
,2018-06-20 00:00:00,1064.243263921062,7935.198910626361,'-5806.712382784237
,2018-06-21 00:00:00,1472.7629725424254,8356.383986027282,'-5410.858040942432
,2018-06-22 00:00:00,3004.5630021316083,9900.826121792077,'-3891.7001175288615
,2018-06-23 00:00:00,1260.0292405850082,8168.911333506265,'-5648.852852336249
,2018-06-24 00:00:00,1546.6165410300764,8468.094600822427,'-5374.861518762274
,2018-06-25 00:00:00,1003.9575410428537,7938.00868669254,'-5930.093604606834
,2018-06-26 00:00:00,905.591787430247,7852.193262164824,'-6041.00968730433
,2018-06-27 00:00:00,886.0138199933058,7845.142990161326,'-6073.115350174716
,2018-06-28 00:00:00,1453.56121366955,8425.195567634357,'-5518.073140295258
,2018-06-29 00:00:00,1341.3943317753576,8325.511478822733,'-5642.722815272018
,2018-06-30 00:00:00,1271.0148281650659,8267.592497424519,'-5725.562841094386
,2018-07-01 00:00:00,678.6633795574494,7687.679418936936,'-6330.352659822036
,2018-07-02 00:00:00,1636.642959485099,8658.075334618947,'-5384.789415648749
,2018-07-03 00:00:00,1257.1296555040344,8290.956448713874,'-5776.697137705806
,2018-07-04 00:00:00,499.3438782257299,7545.543287494211,'-6546.855531042751
,2018-07-05 00:00:00,1578.0946031413603,8636.644941098464,'-5480.455734815744
,2018-07-06 00:00:00,1352.244166040246,8423.123858961997,'-5718.635526881506
,2018-07-07 00:00:00,1895.689644391007,8978.877231210381,'-5187.4979424283665
,2018-07-08 00:00:00,1323.328753540718,8418.802884870558,'-5772.145377789121
,2018-07-09 00:00:00,1141.2381696229215,8248.977606790677,'-5966.501267544833
,2018-07-10 00:00:00,674.3440149089558,7794.327629003068,'-6445.639599185157
,2018-07-11 00:00:00,1076.9344087003046,8209.141179628044,'-6055.272362227436
,2018-07-12 00:00:00,1718.3331840857388,8862.742199642335,'-5426.075831470857
,2018-07-13 00:00:00,857.2954277840538,8013.885882732921,'-6299.295027164814
,2018-07-14 00:00:00,903.4610305633119,8072.212225727229,'-6265.290164600605
,2018-07-15 00:00:00,1287.9125567901026,8468.803898153163,'-5892.978784572957
,2018-07-16 00:00:00,2521.008236012225,9714.019233832389,'-4672.002761807938
,2018-07-17 00:00:00,1810.04277171168,9015.153039643787,'-5395.067496220427
,2018-07-18 00:00:00,1861.59492453731,9078.784178766378,'-5355.594329691759
,2018-07-19 00:00:00,2781.3646830489915,10010.612741433655,'-4447.883375335671
,2018-07-20 00:00:00,4265.834050704326,11507.120831930248,'-2975.452730521596
,2018-07-21 00:00:00,3371.423422214488,10624.728944957627,'-3881.8821005286527
,2018-07-22 00:00:00,1055.2532339179188,8320.557616017473,'-6210.051148181636
,2018-07-23 00:00:00,1158.567157079114,8435.850614720011,'-6118.716300561784
,2018-07-24 00:00:00,1104.369610490281,8393.612457395076,'-6184.8732364145135
,2018-07-25 00:00:00,1368.4868535722928,8669.66950020233,'-5932.695793057744
,2018-07-26 00:00:00,968.516613170349,8281.619565936053,'-6344.586339595354
,2018-07-27 00:00:00,1964.7768163778778,9289.780676858041,'-5360.227044102285
,2018-07-28 00:00:00,1249.9818000057016,8586.867264175642,'-6086.903664164238
,2018-07-29 00:00:00,1144.4164235462322,8493.164281014675,'-6204.331433922211
,2018-07-30 00:00:00,1894.781512395894,9255.37264565047,'-5465.809620858681
,2018-07-31 00:00:00,1599.5083798038997,8971.923763465129,'-5772.90700385733
,2018-08-01 00:00:00,479.5110144283926,7863.731714512025,'-6904.70968565524
,2018-08-02 00:00:00,1332.558400918338,8728.565574105942,'-6063.448772269265
,2018-08-03 00:00:00,2210.5710223475708,9618.345915265236,'-5197.203870570095
,2018-08-04 00:00:00,2123.4920647552435,9543.016013260309,'-5296.031883749822
,2018-08-05 00:00:00,3254.8545053823927,10686.10893385805,'-4176.399923093264
,2018-08-06 00:00:00,1296.5674672764321,8739.53388793412,'-6146.398953381256
,2018-08-07 00:00:00,1447.931777480936,8902.59178967041,'-6006.728234708538
,2018-08-08 00:00:00,1298.4608600821216,8764.796149609081,'-6167.874429444839
,2018-08-09 00:00:00,1157.0470765499006,8635.039415001078,'-6320.945261901276
,2018-08-10 00:00:00,1230.2329719084955,8719.864215984093,'-6259.398272167101
,2018-08-11 00:00:00,1197.4311792694373,8698.683270122818,'-6303.820911583944
,2018-08-12 00:00:00,2121.0393474829402,9633.894310067475,'-5391.815615101594
,2018-08-13 00:00:00,933.3835266327874,8457.82346905574,'-6591.056415790166
,2018-08-14 00:00:00,1388.3304671049953,8924.337579988369,'-6147.676645778378
,2018-08-15 00:00:00,1601.899086681326,9149.455642529561,'-5945.657469166908
,2018-08-16 00:00:00,2497.520206186222,10056.60855876066,'-5061.568146388216
,2018-08-17 00:00:00,2065.584953659732,9636.187537359749,'-5505.017630040285
,2018-08-18 00:00:00,421.3948088281586,8003.4941380788805,'-7160.704520422563
,2018-08-19 00:00:00,1139.7154840141152,8733.294152660612,'-6453.863184632382
,2018-08-20 00:00:00,4516.573615132391,12121.614295840285,'-3088.4670655755026
,2018-08-21 00:00:00,745.1147909864857,8361.600234648859,'-6871.370652675888
,2018-08-22 00:00:00,1926.9734269547412,9554.88646210529,'-5700.939608195809
,2018-08-23 00:00:00,1364.3872747521177,9003.710806984442,'-6274.936257480207
,2018-08-24 00:00:00,3496.9823772497803,11147.699388642726,'-4153.734634143166
,2018-08-25 00:00:00,307.2512180104311,7969.344766559437,'-7354.842330538574
,2018-08-26 00:00:00,1342.6169139834283,9016.07013303775,'-6330.836305070894
,2018-08-27 00:00:00,1497.785222489961,9182.581320195743,'-6187.01087521582
,2018-08-28 00:00:00,2515.3186109133676,10211.440869662436,'-5180.803647835701
,2018-08-29 00:00:00,1163.1798128411583,8870.611588725504,'-6544.251963043187
,2018-08-30 00:00:00,1783.102961636442,9501.827683908288,'-5935.621760635404
,2018-08-31 00:00:00,1361.8744086613283,9091.87557919872,'-6368.126761876063
,2018-09-01 00:00:00,1593.434236422308,9334.695429200156,'-6147.826956355539
,2018-09-02 00:00:00,2339.513043859586,10092.017904426084,'-5412.991816706912
,2018-09-03 00:00:00,7879.044463608853,15642.776708567204,115.31221865050247
,2018-09-04 00:00:00,1867.2155728268258,9642.158989322208,'-5907.727843668557
,2018-09-05 00:00:00,1616.9973772568833,9403.135822468588,'-6169.141067954823
,2018-09-06 00:00:00,1499.2923015055005,9296.609702144173,'-6298.025099133172
,2018-09-07 00:00:00,3036.7250815857924,10845.205433395706,'-4771.755270224121
,2018-09-08 00:00:00,1514.6640456753312,9334.291412941648,'-6304.963321590985
,2018-09-09 00:00:00,4319.026820977333,12149.785336038258,'-3511.7316940835926
,2018-09-10 00:00:00,2200.246143391738,10042.12000615554,'-5641.627719372063
,2018-09-11 00:00:00,1370.5812442835124,9223.554721750308,'-6482.392233183283
,2018-09-12 00:00:00,516.4712349770446,8380.528660765325,'-7347.586190811236
,2018-09-13 00:00:00,7471.67105102157,15346.796824899384,'-403.4547228562442
,2018-09-14 00:00:00,6306.600807247306,14192.779394668054,'-1579.5777801734412
,2018-09-15 00:00:00,2853.2917486534216,10750.507680296192,'-5043.924182989348
,2018-09-16 00:00:00,3014.6705473566963,10922.90841867109,'-4893.567323957698
,2018-09-17 00:00:00,4071.2845481701625,11990.52901892557,'-3847.9599225852453
,2018-09-18 00:00:00,5532.582614671015,13462.818408510248,'-2397.6531791682164
,2018-09-19 00:00:00,2457.010084483533,10398.221988480795,'-5484.201819513728
,2018-09-20 00:00:00,2223.5098626169247,10175.682726840052,'-5728.663001606204
,2018-09-21 00:00:00,3024.2828511117823,10987.401588188703,'-4938.835885965139
,2018-09-22 00:00:00,2509.5121918612585,10483.561776550609,'-5464.5373928280915
,2018-09-23 00:00:00,2346.7515999716416,10331.717068737507,'-5638.213868794223
,2018-09-24 00:00:00,4233.521983199672,12229.388433790384,'-3762.34446739104
,2018-09-25 00:00:00,1385.3432972340202,9392.09588826498,'-6621.40929379694
,2018-09-26 00:00:00,778.3197988718667,8795.943749412316,'-7239.304151668583
,2018-09-27 00:00:00,1091.969697128826,9120.450286292551,'-6936.5108920348985
,2018-09-28 00:00:00,1309.3733231621213,9348.695889702014,'-6729.9492433777705
,2018-09-29 00:00:00,728.2564143907925,8778.406356297244,'-7321.893527515658
,2018-09-30 00:00:00,2425.391456142899,10486.35423024596,'-5635.571317960161
,2018-10-01 00:00:00,1265.9137045749965,9337.674826150273,'-6805.847417000279
,2018-10-02 00:00:00,1127.545386577959,9210.090428956197,'-6954.999655800279
,2018-10-03 00:00:00,489.73280210127814,8583.04739628158,'-7603.581792079023
,2018-10-04 00:00:00,880.8140174797734,8984.883851746426,'-7223.25581678688
,2018-10-05 00:00:00,1841.6642433157672,9956.47506285861,'-6273.146576227076
,2018-10-06 00:00:00,1748.5423289503676,9874.079935488684,'-6376.995277587949
,2018-10-07 00:00:00,520.8268118387123,8657.077063248591,'-7615.423439571166
,2018-10-08 00:00:00,2037.6412134261775,10184.590023371295,'-6109.30759651894
,2018-10-09 00:00:00,2036.7601993960707,10194.393536961878,'-6120.873138169735
,2018-10-10 00:00:00,1285.1080877586064,9453.411977089849,'-6883.195801572636
,2018-10-11 00:00:00,2195.3994335616917,10374.359953503255,'-5983.561086379872
,2018-10-12 00:00:00,1586.4717812594745,9776.07506500049,'-6603.131502481541
,2018-10-13 00:00:00,1423.2372195849096,9623.469454306101,'-6776.995015136283
,2018-10-14 00:00:00,539.4174902665009,8750.264916790718,'-7671.429936257716
,2018-10-15 00:00:00,2114.1777406368547,10335.626653082774,'-6107.271171809065
,2018-10-16 00:00:00,898.7091447236146,9130.745890162563,'-7333.3276007153345
,2018-10-17 00:00:00,490.97402078259506,8733.584998898445,'-7751.636957333255
,2018-10-18 00:00:00,472.991158729016,8726.162821481148,'-7780.180504023117
,2018-10-19 00:00:00,1822.7605771929427,10086.479428482213,'-6440.958274096327
,2018-10-20 00:00:00,838.9218483537772,9113.174443691469,'-7435.330746983915
,2018-10-21 00:00:00,2278.9177328875408,10563.69067906726,'-6005.855213292178
,2018-10-22 00:00:00,892.9706583383577,9188.250613110846,'-7402.30929643413
,2018-10-23 00:00:00,898.3451295767518,9204.118801327571,'-7407.428542174068
,2018-10-24 00:00:00,1232.8561264369469,9549.110273867023,'-7083.398020993129
,2018-10-25 00:00:00,1877.7545538933446,10204.475985702315,'-6448.966877915625
,2018-10-26 00:00:00,3388.346239962747,11725.521814535088,'-4948.829334609595
,2018-10-27 00:00:00,3322.9094613927336,11670.526086486661,'-5024.707163701194
,2018-10-28 00:00:00,2281.3311022791595,10639.375734718222,'-6076.713530159902
,2018-10-29 00:00:00,4302.587138889062,12671.046784256436,'-4065.872506478313
,2018-10-30 00:00:00,4119.750982001266,12498.612694336727,'-4259.110730334196
,2018-10-31 00:00:00,2174.0397698250886,10563.29065132458,'-6215.211111674402
,2018-11-01 00:00:00,1569.4698645400044,9969.097065257834,'-6830.157336177826
,2018-11-02 00:00:00,1543.0538147510172,9953.044532304617,'-6866.936902802582
,2018-11-03 00:00:00,2930.564543315122,11350.906022592348,'-5489.776935962103
,2018-11-04 00:00:00,5932.073070175176,14362.752603044128,'-2498.606462693775
,2018-11-05 00:00:00,3564.8766610600132,12005.881586081341,'-4876.1282639613155
,2018-11-06 00:00:00,5134.999030208378,13586.31673235005,'-3316.3186719332925
,2018-11-07 00:00:00,909.0751407646007,9370.693051119099,'-7552.542769589898
,2018-11-08 00:00:00,1966.207782330333,10438.113377834268,'-6505.697813173601
,2018-11-09 00:00:00,2853.2704728846684,11335.45127604076,'-5628.910330271424
,2018-11-10 00:00:00,2457.7908031316,10950.234381733027,'-6034.652775469827
,2018-11-11 00:00:00,1466.9778549854402,9969.671821842501,'-7035.716111871621
,2018-11-12 00:00:00,7273.279792253281,15786.211804922377,'-1239.6522204158155
,2018-11-13 00:00:00,3365.7719053865194,11888.92966590141,'-5157.385855128371
,2018-11-14 00:00:00,4149.392760242805,12682.764014848108,'-4383.978494362498
,2018-11-15 00:00:00,1535.9763435756784,10079.548882462612,'-7007.5961953112555
,2018-11-16 00:00:00,3606.1719591413257,12159.933616185657,'-4947.589697903006
,2018-11-17 00:00:00,2213.0940923894773,10777.032744891645,'-6350.84456011269
,2018-11-18 00:00:00,1922.3808869479212,10496.484455375323,'-6651.722681479479
,2018-11-19 00:00:00,4097.942708759063,12682.199156490478,'-4486.313738972352
,2018-11-20 00:00:00,2623.2530863451757,11217.6504194173,'-5971.144246726948
,2018-11-21 00:00:00,839.1088686410232,9443.635135497096,'-7765.417398215049
,2018-11-22 00:00:00,1530.3527000775016,10144.995991318,'-7084.290591162997
,2018-11-23 00:00:00,3503.6171770403002,12128.36562517569,'-5121.13127109509
,2018-11-24 00:00:00,2181.3442249059635,10816.186004111456,'-6453.497554299528
,2018-11-25 00:00:00,1851.6288287797622,10496.552154652094,'-6793.29449709257
,2018-11-26 00:00:00,3425.858210812863,12080.85134012905,'-5229.134918503323
,2018-11-27 00:00:00,4354.618801122337,13019.670031600392,'-4310.432429355718
,2018-11-28 00:00:00,2232.7913610530277,10907.88903111462,'-6442.306309008566
,2018-11-29 00:00:00,2247.02771786293,10932.160206397975,'-6438.1047706721165
,2018-11-30 00:00:00,4238.401300551234,12933.557026684368,'-4456.7544255819
,2018-12-01 00:00:00,2589.9004339717844,11295.067856830732,'-6115.266988887162
,2018-12-02 00:00:00,2808.8450366420093,11524.012655127817,'-5906.322581843799
,2018-12-03 00:00:00,1662.7202942311767,10387.876646790275,'-7062.436058327922
,2018-12-04 00:00:00,2117.0127379676214,10852.146402365739,'-6618.120926430496
,2018-12-05 00:00:00,564.545061838199,9309.644654936046,'-8180.554531259649
,2018-12-06 00:00:00,3009.6479799859467,11764.702157516716,'-5745.406197544824
,2018-12-07 00:00:00,3497.6205699127545,12262.61802626138,'-5267.37688643587
,2018-12-08 00:00:00,1491.6421625374205,10266.571630521577,'-7283.287305446736
,2018-12-09 00:00:00,4303.089334908721,13087.93958556158,'-4481.7609157441375
,2018-12-10 00:00:00,1223.0518132060708,10017.811655560747,'-7571.7080291486045
,2018-12-11 00:00:00,4201.569020076427,13006.227300952141,'-4603.089260799289
,2018-12-12 00:00:00,145.99021784617594,8960.535821636095,'-8668.555385943742
,2018-12-13 00:00:00,2105.8569108656475,10930.278759326375,'-6718.564937595079
,2018-12-14 00:00:00,1837.455576197875,10671.742628240609,'-6996.831475844858
,2018-12-15 00:00:00,6515.619920130518,15359.761171613827,'-2328.521331352792
,2018-12-16 00:00:00,2122.3608171080705,10976.345300632289,'-6731.623666416148
,2018-12-17 00:00:00,2112.3153501104143,10976.13213481363,'-6751.501434592802
,2018-12-18 00:00:00,799.0764378612569,9672.714629216893,'-8074.561753494379
,2018-12-19 00:00:00,985.7895765458193,9869.238316161769,'-7897.65916307013
,2018-12-20 00:00:00,4230.934028410034,13124.182493829354,'-4662.314437009285
,2018-12-21 00:00:00,4017.4953293639965,12920.53273386713,'-4885.542075139138
,2018-12-22 00:00:00,1831.4114438472538,10744.227036255792,'-7081.404148561285
,2018-12-23 00:00:00,5217.24139755046,14139.824462032382,'-3705.341666931464
,2018-12-24 00:00:00,1291.5803347404355,10223.920190616862,'-7640.75952113599
,2018-12-25 00:00:00,1032.0605583202391,9974.146559873645,'-7910.025443233166
,2018-12-26 00:00:00,3571.5296397148777,12523.351175998778,'-5380.291896569022
,2018-12-27 00:00:00,2376.7612456147017,11338.30774026478,'-6584.785249035376
,2018-12-28 00:00:00,1611.9014759365498,10583.16238698322,'-7359.359435110121
,2018-12-29 00:00:00,1158.205391874783,10139.170211557177,'-7822.759427807612
,2018-12-30 00:00:00,1363.5441943918133,10382.834924594059,'-7655.746535810432
